"final_auroc","final_f1","initial_auroc","initial_f1","variant","dataset"
"0.941694693572496","0.827822120866591","0.930410749875436","0.832443970117396","SVM to XGB","spambase"
"0.936869394618834","0.770531400966184","0.925126121076233","0.800904977375566","XGB to SVM","spambase"
