"final_auroc","final_f1","initial_auroc","initial_f1","variant","dataset"
"0.983226120413036","0.892452830188679","0.99352043245469","0.960285132382892","XGB to SVM","ring"
"0.984143834935386","0.941732283464567","0.930362488462767","0.861336032388664","SVM to XGB","ring"
